Company_Id,Social Enterprises,Country,Region,Founding Date,Industry Focus
0,Startupbootcamp,United Kingdom,London,1/1/2010,"Software,Financial Services, IT"
1,Entrepreneur First,United Kingdom,London,1/1/2011,"AI, Software, ML"
2,Bethnal Green Ventures,United Kingdom,London,1/1/2012,"Healthcare, Software, Education"
3,Techstars London,United Kingdom,London,1/1/2006,"Software, AI, IT"
4,Founders Factory,United Kingdom,London,1/1/2015,"Software, AI, IT"
5,London Co-Investment Fund,United Kingdom,London,1/1/2014,"Software, AI, Healthcare"
6,Upscale,United Kingdom,London,1/1/2011,"Software, SaaS, E-Commerce"
7,Outlier Ventures,United Kingdom,London,1/1/2014,"Software, Blockchain, IT"
8,Collider,United Kingdom,London,1/1/2012,"Advertising, Analytics, Software"
9,Pario Ventures,United Kingdom,London,1/1/2010,"Automotive, Fintech, Software"
10,Pi Ventures,United Kingdom,London,1/1/2015,"Software, Real Estate, SaaS"
11,CyLon,United Kingdom,London,1/1/2015,"Cyber Security, Software"
12,Data Pitch,United Kingdom,London,1/1/2017,"Software, IT, Analytics"
13,Chivas Ventures,United Kingdom,London,1/1/2014,"Food & Beverage, Fashion, Manufacturing"
14,Tech Nation,United Kingdom,London,1/1/2010,"Fintech, Financial Services, IT"
15,Breed Reply,United Kingdom,London,1/1/2014,"Software, IT, IoT"
16,iStarter,United Kingdom,London,1/1/2012,"E-Commerce, IT, Healthcare"
17,L Marks,United Kingdom,London,1/1/2012,"Software, IT, Apps"
18,Insurtech Gateway,United Kingdom,London,1/1/2016,"Insurance, Insurtech, Financial Services"
19,Ignite,United Kingdom,Newcastle,1/1/2011,"Software, SaaS, Travel"
20,CodeBase,United Kingdom,Edinburgh,1/1/2014,"Software, IT, Education"
21,DigitalHealth.London,United Kingdom,London,1/1/2016,"Healthcare, Medical, IT"
22,Geovation,United Kingdom,London,1/1/2009,"Real Estate, Software,"
23,Oxygen Accelerator,United Kingdom,Birmingham,1/1/2011,"E-Commerce, Internet, Mobile"
24,Huckletree,United Kingdom,London,1/1/2014,"E-Commerce, Software, Mobile Apps"
25,Carbon Trust,United Kingdom,London,1/1/2001,"Energy, Manufacturing, Chemical"
26,Startup Campus,United Kingdom,London,1/1/2015,"Software, Healthcare, Mobile Apps"
27,Potential VC,United Kingdom,London,1/1/2015,"E-Commerce, Apps, Software"
28,ChangeLabs,United Kingdom,London,1/1/2018,"Electric Vehicles, Education, E-Commerce"
29,Bytedance,China,Beijing,4/7/2017,Artificial intelligence
30,SpaceX,United States,Hawthorne,12/1/2012,Other
31,Stripe,United States,San Francisco,1/23/2014,Fintech
32,Klarna,Sweden,Stockholm,12/12/2011,Fintech
33,Canva,Australia,Surry Hills,1/8/2018,Internet software & services
34,Instacart,United States,San Francisco,12/30/2014,"Supply chain, logistics, & delivery"
35,Databricks,United States,San Francisco,2/5/2019,Data management & analytics
36,Revolut,United Kingdom,London,4/26/2018,Fintech
37,Nubank,Brazil,Sao Paulo,3/1/2018,Fintech
38,Epic Games,United States,Cary,10/26/2018,Other
39,Chime,United States,San Francisco,3/5/2019,Fintech
40,FTX,Hong Kong,,7/20/2021,Fintech
41,BYJU's,India,Bengaluru,7/25/2017,Edtech
42,Xiaohongshu,China,Shanghai,3/31/2016,E-commerce & direct-to-consumer
43,J&T Express,Indonesia,Jakarta,4/7/2021,"Supply chain, logistics, & delivery"
44,Fanatics,United States,Jacksonville,6/6/2012,E-commerce & direct-to-consumer
45,Yuanfudao,China,Beijing,5/31/2017,Edtech
46,DJI Innovations,China,Shenzhen,1/23/2015,Hardware
47,SHEIN,China,Shenzhen,7/3/2018,E-commerce & direct-to-consumer
48,Checkout.com,United Kingdom,London,5/2/2019,Fintech
49,goPuff,United States,Philadelphia,10/8/2020,E-commerce & direct-to-consumer
50,Plaid Technologies,United States,San Francisco,12/11/2018,Fintech
51,Grammarly,United States,San Francisco,10/10/2019,Internet software & services
52,Devoted Health,United States,Waltham,10/16/2018,Health
53,Faire,United States,San Francisco,10/30/2019,Artificial intelligence
54,Brex,United States,San Francisco,10/5/2018,Fintech
55,SenseTime,China,Shanghai,7/11/2017,Artificial intelligence
56,JUUL Labs,United States,San Francisco,12/20/2017,Consumer & retail
57,Bitmain Technologies,China,Beijing,7/6/2018,Hardware
58,Biosplice Therapeutics,United States,San Diego,8/6/2018,Health
59,GoodLeap,United States,Roseville,10/13/2021,Internet software & services
60,ZongMu Technology,China,Shanghai,6/3/2021,Auto & transportation
61,Global Switch,United Kingdom,London,12/22/2016,Hardware
62,Celonis,Germany,Munich,6/26/2018,Data management & analytics
63,Weilong,China,Luohe,5/8/2021,Consumer & retail
64,Lalamove,Hong Kong,Cheung Sha Wan,2/21/2019,"Supply chain, logistics, & delivery"
65,Ripple,United States,San Francisco,12/20/2019,Fintech
66,Figma,United States,San Francisco,4/30/2020,Internet software & services
67,Gusto,United States,San Francisco,12/18/2015,Fintech
68,reddit,United States,San Francisco,7/31/2017,Internet software & services
69,Talkdesk,United States,San Francisco,10/3/2018,Internet software & services
70,Notion Labs,United States,San Francisco,4/1/2020,Internet software & services
71,Thrasio,United States,Walpole,7/15/2020,Other
72,Digital Currency Group,United States,New York,11/1/2021,Finttech
73,OutSystems,United States,Boston,6/5/2018,Internet software & services
74,ServiceTitan,United States,Glendale,11/14/2018,Internet software & services
75,HEYTEA,China,Shenzhen,7/1/2019,Other
76,N26,Germany,Berlin,1/10/2019,Fintech
77,Klaviyo,United States,Boston,11/17/2020,Internet software & services
78,Northvolt,Sweden,Stockholm,6/12/2019,Other
79,Tanium,United States,Kirkland,3/31/2015,Cybersecurity
80,Chehaoduo,China,Beijing,3/12/2016,E-commerce & direct-to-consumer
81,Niantic,United States,San Francisco,11/24/2017,Mobile & telecommunications
82,OYO Rooms,India,Gurugram,9/25/2018,Travel
83,Rapyd,United Kingdom,London,12/3/2019,Fintech
84,Kavak,Mexico,Lerma de Villada,10/1/2020,E-commerce & direct-to-consumer
85,Snyk,United Kingdom,Reading,1/21/2020,Cybersecurity
86,Nuro,United States,Mountain View,2/11/2019,Auto & transportation
87,Lacework,United States,San Jose,1/7/2021,Cybersecurity
88,Tipalti,United States,San Mateo,10/6/2020,Fintech
89,Tempus,United States,Chicago,3/21/2018,Health
90,Xingsheng Selected,China,Changsha,7/22/2020,E-commerce & direct-to-consumer
91,Dream11,India,Mumbai,4/9/2019,Internet software & services
92,Fireblocks,United States,New York,7/27/2021,Fintech
93,Caris Life Sciences,United States,Irving,5/17/2021,Health
94,Dapper Labs,Canada,Vancouver,3/30/2021,Fintech
95,Hopin,United Kingdom,London,11/10/2020,Internet software & services
96,Getir,Turkey,Istanbul,3/26/2021,E-commerce & direct-to-consumer
97,Netskope,United States,Santa Clara,11/13/2018,Cybersecurity
98,Toss,South Korea,Seoul,12/9/2018,Fintech
99,Carta,United States,San Francisco,5/6/2019,Fintech
100,Scale AI,United States,San Francisco,8/5/2019,Artificial intelligence
101,Argo AI,United States,Pittsburgh,7/12/2019,Artificial intelligence
102,Gong,United States,Palo Alto,8/12/2020,Artificial intelligence
103,TripActions,United States,Palo Alto,11/8/2018,Travel
104,Gemini,United States,New York,11/19/2021,Fintech
105,We Doctor,China,Hangzhou,9/22/2015,Health
106,Discord,United States,San Francisco,4/20/2018,Internet software & services
107,Automation Anywhere,United States,San Jose,7/2/2018,Artificial intelligence
108,Ziroom,China,Beijing,1/17/2018,E-commerce & direct-to-consumer
109,National Stock Exchange of India,India,Mumbai,7/1/2020,Fintech
110,Mollie,Netherlands,Amsterdam,9/8/2020,Fintech
111,Rippling,United States,San Francisco,8/4/2020,Internet software & services
112,Ola Cabs,India,Bengaluru,10/27/2014,Auto & transportation
113,Samsara Networks,United States,San Francisco,3/22/2018,Hardware
114,DataRobot,United States,Boston,7/29/2019,Artificial intelligence
115,Personio,Germany,Munich,1/19/2021,Internet software & services
116,Hinge Health,United States,San Francisco,1/6/2021,Health
117,Black Unicorn Factory,United States,Los Angeles,5/20/2021,Other
118,Benchling,United States,San Francisco,4/14/2021,Internet software & services
119,Royole Corporation,China,Shenzhen,8/18/2015,Hardware
120,Yuanqi Senlin,China,Beijing,3/1/2020,Consumer & retail
121,Better.com,United States,New York,11/10/2020,Fintech
122,Wiz,Israel,Tel Aviv,3/17/2021,Cybersecurity
123,Bolt,United States,San Francisco,10/8/2021,Fintech
124,Attentive,United States,Hoboken,9/23/2020,Mobile & telecommunications
125,Easyhome,China,Beijing,2/12/2018,Consumer & retail
126,Lianjia,China,Beijing,4/7/2016,E-commerce & direct-to-consumer
127,Airtable,United States,San Francisco,11/15/2018,Internet software & services
128,Vice Media,United States,Brooklyn,4/2/2011,Internet software & services
129,Cityblock Health,United States,Brooklyn,12/10/2020,Health
130,Workato,United States,Mountain View,1/12/2021,Internet software & services
131,Postman,United States,San Francisco,6/11/2020,Internet software & services
132,FiveTran,United States,Oakland,6/30/2020,Data management & analytics
133,Pony.ai,United States,Fremont,7/11/2018,Artificial intelligence
134,Trade Republic,Germany,Berlin,5/20/2021,Fintech
135,Rappi,Colombia,Bogota,8/31/2018,"Supply chain, logistics, & delivery"
136,Collibra,Belgium,Brussels,1/29/2019,Data management & analytics
137,Blockchain.com,United Kingdom,London,2/17/2021,Fintech
138,HashiCorp,United States,San Francisco,11/1/2018,Internet software & services
139,OneTrust,United States,Atlanta,7/11/2019,Internet software & services
140,QuintoAndar,Brazil,Campinas,9/9/2019,E-commerce & direct-to-consumer
141,C6 Bank,Brazil,Sao Paulo,12/2/2020,Fintech
142,United Imaging Healthcare,China,Shanghai,9/15/2017,Health
143,Hello TransTech,China,Shanghai,6/1/2018,Auto & transportation
144,Swiggy,India,Bengaluru,6/21/2018,"Supply chain, logistics, & delivery"
145,Deel,United States,San Francisco,4/21/2021,Fintech
146,Airwallex,Australia,Melbourne,3/25/2019,Fintech
147,Horizon Robotics,China,Beijing,2/27/2019,Artificial intelligence
148,WM Motor,China,Shanghai,3/8/2019,Auto & transportation
149,Ro,United States,New York,7/27/2020,Health
150,Howden Group Holdings,United Kingdom,London,9/29/2020,Other
151,SambaNova Systems,United States,Palo Alto,4/13/2021,Data management & analytics
152,ZEPZ,United Kingdom,London,8/23/2021,Fintech
153,OakNorth,United Kingdom,London,10/12/2017,Fintech
154,Moon Active,Israel,Tel Aviv,1/26/2020,Mobile & telecommunications
155,Meesho,India,Bengaluru,4/5/2021,Internet software & services
156,Cerebral,United States,San Francisco,6/10/2021,Health
157,Anduril,United States,Irvine,9/11/2019,Artificial intelligence
158,Lyra Health,United States,Burlingame,8/25/2020,Health
159,Dataiku,United States,New York,12/4/2019,Internet software & services
160,Checkr,United States,San Francisco,9/19/2019,Internet software & services
161,Color,United States,Burlingame,1/4/2021,Health
162,Meizu Technology,China,Zhuhai,7/23/2014,Hardware
163,Vinted,Lithuania,Vilnius,11/27/2019,E-commerce & direct-to-consumer
164,Zenefits,United States,San Francisco,5/6/2015,Fintech
165,VIPKid,China,Beijing,8/4/2016,Edtech
166,Socure,United States,New York,3/16/2021,Cybersecurity
167,Monzo,United Kingdom,London,10/31/2018,Fintech
168,UBTECH Robotics,China,Shenzhen,7/25/2016,Hardware
169,Outreach,United States,Seattle,4/16/2019,Internet software & services
170,Bolt,Estonia,Tallinn,5/29/2018,Auto & transportation
171,BetterUp,United States,San Francisco,2/25/2021,Internet software & services
172,Arctic Wolf Networks,United States,Eden Prairie,10/22/2020,Cybersecurity
173,Sorare,France,Paris,9/21/2021,E-commerce & direct-to-consumer
174,Relativity Space,United States,Inglewood,11/23/2020,Other
175,Miaoshou Doctor,China,Beijing,6/27/2019,E-commerce & direct-to-consumer
176,Chainalysis,United States,New York,11/23/2020,Fintech
177,ThoughtSpot,United States,Sunnyvale,5/8/2018,Internet software & services
178,SSENSE,Canada,Montreal,6/8/2021,E-commerce & direct-to-consumer
179,Dataminr,United States,New York,6/4/2018,Artificial intelligence
180,BitPanda,Austria,Vienna,3/16/2021,Fintech
181,Houzz,United States,Palo Alto,9/30/2014,E-commerce & direct-to-consumer
182,CRED,India,Bengaluru,4/6/2021,Fintech
183,Yello Mobile,South Korea,Seoul,11/11/2014,Mobile & telecommunications
184,MEGVII,China,Beijing,10/31/2017,Artificial intelligence
185,Greensill,United Kingdom,London,7/16/2018,Fintech
186,Impossible Foods,United States,Redwood City,5/13/2019,Consumer & retail
187,Radiology Partners,United States,El Segundo,7/19/2019,Health
188,Next Insurance,United States,Palo Alto,10/7/2019,Fintech
189,Patreon,United States,San Francisco,9/2/2020,Internet software & services
190,PointClickCare,Canada,Mississauga,1/7/2021,Internet software & services
191,Zapier,United States,Sunnyvale,1/14/2021,Internet software & services
192,Clubhouse,United States,San Francisco,1/24/2021,Mobile & telecommunications
193,BrowserStack,Ireland,Dublin,6/16/2021,Internet software & services
194,Olive,United States,Columbus,12/1/2020,Internet software & services
195,iCapital Network,United States,New York,7/27/2021,Fintech
196,Rubrik,United States,Palo Alto,4/28/2017,Data management & analytics
197,Melio,Israel,Tel Aviv,1/25/2021,Fintech
198,Vuori,United States,Carlsbad,10/13/2021,E-commerce & direct-to-consumer
199,ClickUp,United States,San Diego,12/15/2020,Internet software & services
200,Cerebras Systems,United States,Los Altos,11/14/2018,Hardware
201,Farmers Business Network,United States,San Carlos,8/3/2020,Other
202,Ramp Financial,United States,New York,3/29/2021,Fintech
203,Intarcia Therapeutics,United States,Boston,4/1/2014,Health
204,StockX,United States,Detroit,6/26/2019,E-commerce & direct-to-consumer
205,MessageBird,Netherlands,Amsterdam,10/8/2020,Mobile & telecommunications
206,Guild Education,United States,Denver,11/13/2019,Internet software & services
207,Articulate,United States,New York,7/1/2021,Edtech
208,FalconX,United States,San Mateo,8/10/2021,Fintech
209,Dutchie,United States,Bend,3/16/2021,E-commerce & direct-to-consumer
210,Cohesity,United States,San Jose,6/11/2018,Data management & analytics
211,VAST Data,United States,New York,4/16/2020,Data management & analytics
212,GOAT,United States,Culver City,9/23/2020,E-commerce & direct-to-consumer
213,Noom,United States,New York,5/24/2021,Health
214,Redwood Materials,United States,Carson City,7/28/2021,Other
215,Papaya Global,United States,New York,3/4/2021,Internet software & services
216,Relativity,United States,Chicago,3/18/2021,Internet software & services
217,Whoop,United States,Boston,10/28/2020,E-commerce & direct-to-consumer
218,Applied Intuition,United States,Sunnyvale,10/22/2020,Data management & analytics
219,Otto Bock HealthCare,Germany,Duderstadt,6/24/2017,Health
220,Indigo Ag,United States,Boston,9/26/2017,Artificial intelligence
221,HyalRoute,Singapore,,5/26/2020,Mobile & telecommunications
222,Digit Insurance,India,Bengaluru,1/15/2021,Fintech
223,Commure,United States,San Francisco,9/13/2021,Internet software & services
224,Mirakl,France,Paris,9/22/2020,E-commerce & direct-to-consumer
225,Coalition,United States,San Francisco,3/16/2021,Cybersecurity
226,Tekion,United States,San Ramon,10/21/2020,Internet software & services
227,Alchemy,United States,San Francisco,10/28/2021,Fintech
228,Unacademy,India,Bengaluru,9/2/2020,Edtech
229,MoonPay,United States,Miami,11/22/2021,Fintech
230,Youxia Motors,China,Shanghai,4/2/2018,Auto & transportation
231,OwnBackup,United States,Englewood Cliffs,1/28/2021,Data management & analytics
232,Upgrade,United States,San Francisco,2/12/2018,Fintech
233,Cloudwalk,China,Guangzhou,10/8/2018,Artificial intelligence
234,ECARX,China,Wuhan,10/26/2020,Auto & transportation
235,Sila Nanotechnologies,United States,Alameda,4/16/2019,Other
236,Scopely,United States,Culver City,10/29/2019,Mobile & telecommunications
237,WeRide,China,Guangzhou,12/23/2020,Auto & transportation
238,Komodo Health,United States,San Francisco,5/22/2020,Health
239,Dadi Cinema,China,Shenzhen,5/11/2016,Other
240,Thumbtack,United States,San Francisco,9/29/2015,E-commerce & direct-to-consumer
241,Flexport,United States,San Francisco,4/30/2018,"Supply chain, logistics, & delivery"
242,Cedar,United States,New York,3/9/2021,Fintech
243,Back Market,France,Paris,5/18/2021,E-commerce & direct-to-consumer
244,Eruditus Executive Education,India,Mumbai,8/12/2021,Edtech
245,Blockstream,Canada,Vancouver,8/24/2021,Fintech
246,ConsenSys,United States,New York,11/17/2021,Fintech
247,Huitongda,China,Nanjing,12/22/2017,E-commerce & direct-to-consumer
248,PsiQuantum,United States,Palo Alto,7/27/2021,Hardware
249,SpotOn,United States,San Francisco,5/26/2021,Fintech
250,Udaan,India,Bengaluru,9/4/2018,"Supply chain, logistics, & delivery"
251,HighRadius,United States,Houston,1/7/2020,Fintech
252,Nuvemshop,Brazil,Sao Paulo,8/17/2021,E-commerce & direct-to-consumer
253,VANCL,China,Beijing,12/14/2010,E-commerce & direct-to-consumer
254,Yixia,China,Beijing,11/24/2015,Mobile & telecommunications
255,Traveloka,Indonesia,Jakarta,1/1/2017,Travel
256,SouChe Holdings,China,Hangzhou,11/1/2017,E-commerce & direct-to-consumer
257,BGL Group,United Kingdom,Peterborough,11/24/2017,Fintech
258,Circle,United States,Boston,5/15/2018,Fintech
259,Zuoyebang,China,Beijing,7/18/2018,Edtech
260,Delhivery,India,Gurgaon,2/27/2019,"Supply chain, logistics, & delivery"
261,FlixMobility,Germany,Munich,7/18/2019,Auto & transportation
262,Wildlife Studios,Brazil,Sao Paulo,12/5/2019,Other
263,Pine Labs,India,Noida,1/24/2020,Fintech
264,ApplyBoard,Canada,Kitchener,5/5/2020,Edtech
265,Razorpay,India,Bengaluru,10/11/2020,Fintech
266,Forter,United States,New York,11/19/2020,Cybersecurity
267,Calendly,United States,Atlanta,1/26/2021,Internet software & services
268,BlockFi,United States,Jersey City,3/11/2021,Fintech
269,ActiveCampaign,United States,Chicago,4/21/2021,Internet software & services
270,CMR Surgical,United Kingdom,Cambridge,9/17/2019,Health
271,Lucid Software,United States,South Jordan,6/29/2021,Internet software & services
272,Age of Learning,United States,Glendale,5/3/2016,Edtech
273,Carbon Health,United States,San Francisco,7/21/2021,Health
274,ShareChat,India,Bengaluru,4/8/2021,Internet software & services
275,Contentful,Germany,Berlin,7/28/2021,Internet software & services
276,LaunchDarkly,United States,Oakland,7/28/2021,Internet software & services
277,Hopper,Canada,Montreal,3/24/2021,Travel
278,Seismic,United States,San Diego,12/18/2018,Internet software & services
279,Grafana Labs,United States,New York,8/24/2021,Internet software & services
280,Gorillas,Germany,Berlin,3/25/2021,E-commerce & direct-to-consumer
281,Ola Electric Mobility,India,Bengaluru,7/2/2019,Auto & transportation
282,Sky Mavis,Vietnam,Ho Chi Minh City,10/4/2021,Internet software & services
283,Celsius Network,United States,Hoboken,10/12/2021,Fintech
284,Outschool,United States,San Francisco,4/14/2021,Edtech
285,TradingView,United States,Westerville,10/14/2021,Fintech
286,Groww,India,Bengaluru,4/7/2021,Fintech
287,Podium,United States,Lehi,4/7/2020,Internet software & services
288,Via,United States,New York,3/30/2020,Auto & transportation
289,Kraken,United States,San Francisco,6/25/2019,Fintech
290,OpenAI,United States,San Francisco,7/22/2019,Artificial intelligence
291,Ovo,Indonesia,Jakarta,3/14/2019,Fintech
292,Workrise,United States,Austin,9/30/2019,Internet software & services
293,Loft,Brazil,Sao Paulo,1/3/2020,E-commerce & direct-to-consumer
294,OfBusiness,India,Gurgaon,7/31/2021,E-commerce & direct-to-consumer
295,BharatPe,India,New Delhi,7/30/2021,Fintech
296,DriveWealth,United States,Chatham,8/20/2021,Fintech
297,Meicai,China,Beijing,6/22/2016,Mobile & telecommunications
298,Icertis,United States,Bellevue,7/17/2019,Artificial intelligence
299,Weee!,United States,Fremont,3/16/2021,"Supply chain, logistics, & delivery"
300,ContentSquare,France,Paris,5/25/2021,Internet software & services
301,Zipline,United States,South San Francisco,5/20/2019,"Supply chain, logistics, & delivery"
302,Graphcore,United Kingdom,Bristol,12/18/2018,Artificial intelligence
303,Illumio,United States,Sunnyvale,4/14/2015,Cybersecurity
304,Convoy,United States,Seattle,9/21/2018,"Supply chain, logistics, & delivery"
305,MasterClass,United States,San Francisco,5/13/2021,Edtech
306,Transmit Security,Israel,Tel Aviv,6/22/2021,Cybersecurity
307,Hozon Auto,China,Shanghai,10/25/2021,Auto & transportation
308,Tradeshift,United States,San Francisco,5/30/2018,Fintech
309,Nextiva,United States,Scottsdale,9/14/2021,Internet software & services
310,Flink,Germany,Berlin,12/1/2021,E-commerce & direct-to-consumer
311,ManoMano,France,Paris,7/5/2021,E-commerce & direct-to-consumer
312,Sourcegraph,United States,San Francisco,7/13/2021,Internet software & services
313,Pendo,United States,Raleigh,10/17/2019,Internet software & services
314,Plume,United States,Palo Alto,2/23/2021,Internet software & services
315,Xinchao Media,China,Chengdu,4/9/2018,Internet software & services
316,JumpCloud,United States,Louisville,9/13/2021,Data management & analytics
317,Vista Global,United Arab Emirates,Dubai,8/23/2017,Other
318,BYTON,China,Nanjing,4/20/2018,Auto & transportation
319,Acronis,Switzerland,Schaffhausen,9/18/2019,Cybersecurity
320,Side,United States,San Francisco,3/22/2021,Internet software & services
321,Lenskart,India,Faridabad,12/20/2019,E-commerce & direct-to-consumer
322,Infra.Market,India,Thane,2/25/2021,E-commerce & direct-to-consumer
323,Varo Bank,United States,San Francisco,9/9/2021,Fintech
324,Cato Networks,Israel,Tel Aviv,11/17/2020,Cybersecurity
325,Aura,United States,Burlington,6/9/2021,Cybersecurity
326,Vercel,United States,San Francisco,6/23/2021,Internet software & services
327,Uala,Argentina,Buenos Aires,8/13/2021,Fintech
328,Mobile Premier League,India,Bengaluru,9/15/2021,Internet software & services
329,Cybereason,United States,Boston,8/6/2019,Cybersecurity
330,Cgtz,China,Hangzhou,2/21/2017,Fintech
331,Star Charge,China,Changzhou,5/19/2021,Auto & transportation
332,Carbon,United States,Redwood City,8/20/2015,Hardware
333,PolicyBazaar,India,Gurgaon,5/6/2019,Fintech
334,Paxos,United States,New York,4/29/2021,Fintech
335,Exabeam,United States,Foster City,6/1/2021,Cybersecurity
336,BitSight Technologies,United States,Boston,9/13/2021,Cybersecurity
337,Trumid,United States,New York,7/15/2020,Fintech
338,ABL Space Systems,United States,El Segundo,3/25/2021,Other
339,Bought By Many,United Kingdom,London,6/1/2021,Fintech
340,Jobandtalent,Spain,Madrid,12/1/2021,Internet software & services
341,WEMAKEPRICE,South Korea,Seoul,9/9/2015,E-commerce & direct-to-consumer
342,Biren Technology,China,Shanghai,8/18/2020,Hardware
343,Voodoo,France,Paris,8/17/2020,Other
344,Uptake,United States,Chicago,10/27/2015,Artificial intelligence
345,KeepTruckin,United States,San Francisco,4/23/2019,"Supply chain, logistics, & delivery"
346,Skydance Media,United States,Santa Monica,2/11/2020,Other
347,Greenlight,United States,Atlanta,9/24/2020,Fintech
348,Highspot,United States,Seattle,2/22/2021,Internet software & services
349,Bowery Farming,United States,New York,5/25/2021,Other
350,Odoo,Belgium,Louvain-la-Neuve,7/29/2021,Internet software & services
351,Zume,United States,Mountain View,11/1/2018,Consumer & retail
352,Algolia,United States,San Francisco,7/28/2021,Internet software & services
353,Pattern,United States,Lehi,10/6/2021,Internet software & services
354,Planet Labs,United States,San Francisco,4/13/2015,Other
355,NuCom Group,Germany,Unterfoehring,2/22/2018,Other
356,MUSINSA,South Korea,Seoul,11/11/2019,E-commerce & direct-to-consumer
357,Current,United States,New York,4/27/2021,Fintech
358,Bitso,Mexico,Mexico City,5/5/2021,Fintech
359,Gympass,United States,New York,6/12/2019,Internet software & services
360,Kurly,South Korea,Seoul,7/9/2021,"Supply chain, logistics, & delivery"
361,Reify Health,United States,Boston,8/10/2021,Health
362,Huaqin Telecom Technology,China,Shanghai,10/8/2019,Mobile & telecommunications
363,YITU Technology,China,Shanghai,3/8/2018,Artificial intelligence
364,Addepar,United States,Mountain View,6/15/2021,Fintech
365,Cockroach Labs,United States,New York,1/12/2021,Data management & analytics
366,Neo4j,United States,San Mateo,6/17/2021,Data management & analytics
367,1,Brazil,Sao Paulo,9/8/2021,Fintech
368,FirstCry,India,Pune,2/7/2020,E-commerce & direct-to-consumer
369,Eightfold.ai,United States,Santa Clara,10/27/2020,Internet software & services
370,Webflow,United States,San Francisco,1/13/2021,Internet software & services
371,6Sense,United States,San Francisco,3/30/2021,Artificial intelligence
372,Urban Company,India,Gurgaon,4/27/2021,E-commerce & direct-to-consumer
373,ReCharge,United States,Los Angeles,5/6/2021,Fintech
374,Moveworks,United States,Mountain View,6/30/2021,Artificial intelligence
375,Medable,United States,Palo Alto,10/26/2021,Internet software & services
376,SoundHound,United States,Santa Clara,5/3/2018,Artificial intelligence
377,Mambu,Germany,Berlin,1/6/2021,Fintech
378,Trendy Group International,Hong Kong,Kowloon,2/13/2012,Consumer & retail
379,Avant,United States,Chicago,12/17/2012,Artificial intelligence
380,Tubatu.com,China,Shenzhen,3/9/2015,E-commerce & direct-to-consumer
381,BlaBlaCar,France,Paris,9/16/2015,Auto & transportation
382,Quanergy Systems,United States,Sunnyvale,8/22/2016,Auto & transportation
383,HuiMin,China,Beijing,9/5/2016,E-commerce & direct-to-consumer
384,Quora,United States,Mountain View,4/21/2017,Internet software & services
385,Improbable,United Kingdom,London,5/11/2017,Other
386,Preferred Networks,Japan,Tokyo,5/17/2018,Artificial intelligence
387,Formlabs,United States,Somerville,8/1/2018,Hardware
388,4Paradigm,China,Beijing,12/19/2018,Artificial intelligence
389,Calm,United States,San Francisco,2/6/2019,Consumer & retail
390,Kaseya,United States,Miami,3/27/2019,Cybersecurity
391,Mafengwo,China,Beijing,5/23/2019,Travel
392,Druva,United States,Sunnyvale,6/20/2019,Data management & analytics
393,Kujiale,China,Hangzhou,10/25/2019,Internet software & services
394,AppsFlyer,United States,San Francisco,1/21/2020,Mobile & telecommunications
395,Keep,China,Beijing,5/19/2020,Mobile & telecommunications
396,Redis Labs,United States,Mountain View,8/25/2020,Data management & analytics
397,Xingyun Group,China,Shenzhen,9/24/2020,E-commerce & direct-to-consumer
398,Unqork,United States,New York,10/6/2020,Fintech
399,Virta Health,United States,San Francisco,12/2/2020,Health
400,ISN,United States,Dallas,12/17/2020,"Supply chain, logistics, & delivery"
401,Earnix,Israel,Giv'atayim,2/21/2021,Fintech
402,Guoquan Shihui,China,Shanghai,3/17/2021,Consumer & retail
403,Arrail Dental,China,Beijing,4/13/2021,Health
404,Clearco,Canada,Toronto,4/20/2021,Fintech
405,Hive,United States,San Francisco,4/21/2021,Artificial intelligence
406,KRY,Sweden,Stockholm,4/27/2021,Health
407,Kajabi,United States,Irvine,5/4/2021,Internet software & services
408,Ethos Technologies,United States,San Francisco,5/11/2021,Fintech
409,Beisen,China,Beijing,5/11/2021,Internet software & services
410,Pipe,United States,Miami,5/19/2021,Fintech
411,Iterable,United States,San Francisco,6/15/2021,Internet software & services
412,Bunq,Netherlands,Amsterdam,6/18/2021,Fintech
413,Clip,Mexico,Mexico City,6/10/2021,Fintech
414,Loggi,Brazil,Sao Paulo,6/5/2019,"Supply chain, logistics, & delivery"
415,MURAL,United States,San Francisco,7/20/2021,Internet software & services
416,Pagaya,Israel,Tel Aviv,6/17/2020,Fintech
417,1Password,Canada,Toronto,7/8/2021,Cybersecurity
418,OCSiAl,Luxembourg,Leudelange,3/4/2019,Other
419,XtalPi,China,Shenzhen,8/11/2021,Artificial intelligence
420,Divvy Homes,United States,San Francisco,8/13/2021,Fintech
421,Apeel Sciences,United States,Goleta,5/26/2020,Other
422,Opay,Nigeria,Lagos,8/23/2021,Fintech
423,Aviatrix,Santa Clara,United States,9/8/2021,Internet software & services
424,SmartNews,Japan,Tokyo,8/5/2019,Mobile & telecommunications
425,Misfits Market,United States,Pennsauken,4/21/2021,E-commerce & direct-to-consumer
426,Spring Health,United States,New York,9/16/2021,Health
427,Black Sesame Technologies,China,Shanghai,9/22/2021,Artificial intelligence
428,Advance Intelligence Group,Singapore,,9/23/2021,Artificial intelligence
429,Modern Treasury,United States,San Francisco,10/6/2021,Fintech
430,Magic Leap,United States,Plantation,10/21/2014,Hardware
431,Tier Mobility,Germany,Berlin,10/25/2021,Travel
432,Aiven,Finland,Helsinki,10/18/2021,Internet software & services
433,ClickHouse,United States,Portola Valley,10/28/2021,Data management & analytics
434,Mynt,Philippines,Taguig City,10/28/2021,Fintech
435,Everlaw,United States,Oakland,11/2/2021,Internet software & services
436,Zilch,United Kingdom,London,11/10/2021,Fintech
437,VerbIT,Israel,Tel Aviv,6/8/2021,Artificial intelligence
438,StarkWare,Israel,Netanya,11/17/2021,Cybersecurity
439,Netlify,United States,San Francisco,11/17/2021,Internet software & services
440,Deliverr,United States,San Francisco,11/22/2021,"Supply chain, logistics, & delivery"
441,SWORD Health,United States,New York,11/22/2021,Health
442,LTK,United States,Dallas,11/22/2021,Internet software & services
443,Fenbi Education,China,Beijing,2/7/2021,Edtech
444,Starling Bank,United Kingdom,London,3/8/2021,Fintech
445,InVision,United States,New York,11/1/2017,Internet software & services
446,eDaili,China,Shanghai,2/1/2019,E-commerce & direct-to-consumer
447,MX Technologies,United States,Lehi,1/13/2021,Fintech
448,Aledade,United States,Bethesda,1/19/2021,Health
449,CoinSwitch Kuber,India,Bangalore,10/6/2021,Fintech
450,ENOVATE,China,Shanghai,4/15/2019,Auto & transportation
451,CFGI,United States,Boston,9/15/2021,Fintech
452,Automattic,United States,San Francisco,5/27/2013,Internet software & services
453,ZocDoc,United States,New York,8/20/2015,Health
454,Diamond Foundry,United States,San Francisco,3/29/2021,Other
455,FullStory,United States,Atlanta,8/4/2021,Internet software & services
456,Lightricks,Israel,Jerusalem,7/31/2019,Artificial intelligence
457,Opentrons,United States,New York,9/23/2021,Hardware
458,AIWAYS,China,Shanghai,4/16/2018,Auto & transportation
459,Creditas,Brazil,Sao Paulo,12/18/2020,Fintech
460,Trulioo,Canada,Vancouver,6/7/2021,Cybersecurity
461,Spinny,India,Gurugram,11/24/2021,E-commerce & direct-to-consumer
462,Orca Security,Israel,Tel Aviv-Yafo,3/23/2021,Cybersecurity
463,Cars24,India,Gurgaon,11/24/2020,E-commerce & direct-to-consumer
464,Apus Group,China,Beijing,1/16/2015,Mobile & telecommunications
465,Harry's Razor Company,United States,New York,2/16/2018,Consumer & retail
466,Allbirds,United States,San Francisco,10/11/2018,E-commerce & direct-to-consumer
467,PAX,United States,San Francisco,10/22/2018,Consumer & retail
468,Harness,United States,San Francisco,1/14/2021,Artificial intelligence
469,DispatchHealth,United States,Denver,3/3/2021,Health
470,Unite Us,United States,New York,3/17/2021,Health
471,CircleCI,United States,San Francisco,5/11/2021,Internet software & services
472,GoStudent,Austria,Vienna,6/22/2021,Edtech
473,Pleo,Denmark,Copenhagen,7/6/2021,Fintech
474,Wave,Senegal,Dakar,9/7/2021,Fintech
475,Vestiaire Collective,France,Paris,3/1/2021,E-commerce & direct-to-consumer
476,Dragos,United States,Hanover,10/28/2021,Cybersecurity
477,Reltio,United States,Redwood City,11/4/2021,Data management & analytics
478,H2O.ai,United States,Mountain View,11/7/2021,Artificial intelligence
479,ZenBusiness,United States,Austin,11/9/2021,Fintech
480,Alan,France,Paris,4/19/2021,Fintech
481,wefox,Germany,Berlin,3/5/2019,Fintech
482,Hibob,Israel,Tel Aviv,10/12/2021,Internet software & services
483,Trader Interactive,United States,Norfolk,5/12/2021,Other
484,Jusfoun Big Data,China,Beijing,7/9/2018,Data management & analytics
485,Zhubajie,China,Chongqing,6/16/2015,Internet software & services
486,solarisBank,Germany,Berlin,7/13/2021,Fintech
487,Infinidat,United States,Waltham,4/29/2015,Hardware
488,Afiniti,Bermuda,Hamilton,4/14/2017,Artificial intelligence
489,Cao Cao Mobility,China,Hangzhou,1/17/2018,Auto & transportation
490,Verkada,United States,San Mateo,1/29/2020,Cybersecurity
491,ASR Microelectronics,China,Shanghai,4/30/2020,Hardware
492,Clari,United States,Sunnyvale,3/3/2021,Internet software & services
493,Tonal,United States,San Francisco,3/31/2021,E-commerce & direct-to-consumer
494,Skims,United States,Los Angeles,4/9/2021,E-commerce & direct-to-consumer
495,Clio,Canada,Burnaby,4/27/2021,Internet software & services
496,SafetyCulture,Australia,Sydney,5/3/2021,Internet software & services
497,Extend,United States,San Francisco,5/18/2021,Fintech
498,Cognite,Norway,Lysaker,5/19/2021,Data management & analytics
499,ASAPP,United States,New York,5/19/2021,Artificial intelligence
500,SmartHR,Japan,Tokyo,6/8/2021,Fintech
501,Mercury,United States,San Francisco,7/3/2021,Fintech
502,HomeLight,United States,San Francisco,9/2/2021,Fintech
503,Truepill,United States,Hayward,10/27/2021,Health
504,Promasidor Holdings,South Africa,Bryanston,11/8/2016,Consumer & retail
505,Baiwang,China,Beijing,3/25/2019,Fintech
506,Iluvatar CoreX,China,Shanghai,3/1/2021,Hardware
507,Wenheyou,China,Hunan,4/17/2021,Other
508,Loom,United States,San Francisco,5/20/2021,Internet software & services
509,Ximalaya FM,China,Shanghai,9/22/2017,Mobile & telecommunications
510,Carzone,China,Jiangsu,3/1/2019,E-commerce & direct-to-consumer
511,Mu Sigma,United States,Northbrook,2/7/2013,Data management & analytics
512,TuJia,China,Beijing,6/17/2015,Travel
513,Mofang Living,China,Shanghai,4/13/2016,E-commerce & direct-to-consumer
514,Gett,Israel,Tel Aviv,5/24/2016,Auto & transportation
515,DT Dream,China,Hangzhou,6/8/2017,Data management & analytics
516,Changingedu,China,Shanghai,10/30/2017,Edtech
517,XiaoZhu,China,Beijing,11/1/2017,Travel
518,JOLLY Information Technology,China,Hangzhou,5/29/2018,E-commerce & direct-to-consumer
519,Yijiupi,China,Beijing,9/20/2018,Consumer & retail
520,Cambridge Mobile Telematics,United States,Cambridge,12/19/2018,Mobile & telecommunications
521,Collective Health,United States,San Francisco,6/17/2019,Fintech
522,Strava,United States,San Francisco,11/16/2020,Internet software & services
523,Zenoti,United States,Bellevue,12/15/2020,Internet software & services
524,K Health,United States,New York,1/19/2021,Health
525,Uplight,United States,Boulder,3/3/2021,Other
526,ID.me,United States,McLean,3/19/2021,Cybersecurity
527,Handshake,United States,San Francisco,5/12/2021,Internet software & services
528,Snapdocs,United States,San Francisco,5/25/2021,Fintech
529,Chipper Cash,United States,San Francisco,6/1/2021,Fintech
530,Ledger,France,Paris,6/10/2021,Hardware
531,Next Silicon,Israel,Tel Aviv,6/14/2021,Hardware
532,YunQuNa,China,Shanghai,6/29/2021,"Supply chain, logistics, & delivery"
533,dbt Labs,United States,Philadelphia,6/30/2021,Data management & analytics
534,Impact,United States,Santa Barbara,7/13/2021,Internet software & services
535,OpenSea,United States,New York,7/20/2021,E-commerce & direct-to-consumer
536,SmartRecruiters,United States,San Francisco,7/20/2021,Internet software & services
537,NotCo,Chile,Santiago,7/26/2021,Artificial Intelligence
538,Culture Amp,Australia,Richmond,7/29/2021,Internet software & services
539,TaxBit,United States,Draper,8/4/2021,Fintech
540,Pacaso,United States,Cincinnati,3/24/2021,Fintech
541,1047 Games,United States,Zephyr Cove,9/14/2021,Internet software & services
542,Matillion,United Kingdom,Altrincham,9/15/2021,Data management & analytics
543,Persona,United States,San Francisco,9/15/2021,Cybersecurity
544,Whatnot,United States,Marina del Rey,9/16/2021,E-commerce & direct-to-consumer
545,Ascend Money,Thailand,Bangkok,9/27/2021,Fintech
546,Andela,United States,New York,9/29/2021,Internet software & services
547,Built,United States,Nashville,9/30/2021,Internet software & services
548,candy.com,United States,New York,10/21/2021,Fintech
549,Devo,United States,Cambridge,10/26/2021,Data management & analytics
550,CoinList,United States,San Francisco,10/15/2021,Fintech
551,Lusha,United States,New York,11/10/2021,Internet software & services
552,CureFit,India,Bengaluru,11/10/2021,Health
553,Yipin Shengxian,China,Hefei,3/11/2019,E-commerce & direct-to-consumer
554,Bordrin Motors,China,Shanghai,6/3/2019,Auto & transportation
555,Coocaa,China,Shenzhen,3/16/2018,Hardware
556,Juma Peisong,China,Chengdu,11/26/2018,"Supply chain, logistics, & delivery"
557,Ouyeel,China,Shanghai,6/27/2019,Internet software & services
558,Gymshark,United Kingdom,Solihull,8/14/2020,E-commerce & direct-to-consumer
559,Zeta,United States,San Francisco,5/24/2021,Fintech
560,M1 Finance,United States,Chicago,7/14/2021,Fintech
561,Justworks,United States,New York,1/28/2020,Internet software & services
562,SonderMind,United States,Denver,7/28/2021,Health
563,Papa,United States,Miami,11/4/2021,Health
564,Koudai,China,Beijing,10/23/2014,E-commerce & direct-to-consumer
565,Symphony,United States,New York,5/16/2017,Fintech
566,Yidian Zixun,China,Beijing,10/17/2017,Mobile & telecommunications
567,Cabify,Spain,Madrid,1/22/2018,Auto & transportation
568,Hive Box,China,Shenzhen,1/23/2018,"Supply chain, logistics, & delivery"
569,Deezer,France,Paris,8/2/2018,Internet software & services
570,Away,United States,New York,5/15/2019,E-commerce & direct-to-consumer
571,Kong,United States,San Francisco,12/31/2020,Internet software & services
572,Epidemic Sound,Sweden,Stockholm,3/11/2021,Internet software & services
573,Yotpo,United States,New York,3/18/2021,Internet software & services
574,Rebel Foods,India,Pune,10/7/2021,E-commerce & direct-to-consumer
575,Coda,United States,Mountain View,7/8/2021,Internet software & services
576,Five Star Business Finance,India,Chennai,3/26/2021,Other
577,Stash,United States,New York,2/3/2021,Fintech
578,Phenom People,United States,Ambler,4/7/2021,Internet software & services
579,GupShup,United States,San Francisco,4/8/2021,Internet software & services
580,Degreed,United States,Pleasanton,4/13/2021,Edtech
581,Astranis Space Technologies,United States,San Francisco,4/14/2021,Mobile & telecommunications
582,ChargeBee Technologies,United States,Walnut,4/20/2021,Fintech
583,Scalable Capital,Germany,Munich,6/8/2021,Fintech
584,VideoAmp,United States,Los Angeles,10/21/2021,Internet software & services
585,Panther Labs,United States,San Francisco,12/2/2021,Cybersecurity
586,Veepee,France,La Plaine Saint-Denis,7/20/2007,E-commerce & direct-to-consumer
587,DeepBlue Technology,China,Shanghai,4/16/2018,Artificial intelligence
588,Klook,Hong Kong,Central,8/7/2018,Travel
589,Yaoshibang,China,Guangzhou,6/15/2021,Health
590,At-Bay,United States,Mountain View,7/27/2021,Fintech
591,Alloy,United States,New York,9/30/2021,Fintech
592,Signifyd,United States,San Jose,4/15/2021,Fintech
593,Motorway,United Kingdom,London,11/29/2021,E-commerce & direct-to-consumer
594,Flipboard,United States,Palo Alto,7/22/2015,Internet software & services
595,Grove Collaborative,United States,San Francisco,9/6/2019,E-commerce & direct-to-consumer
596,GPclub,South Korea,Seoul,10/22/2018,Other
597,Tongdun Technology,China,Hangzhou,4/25/2019,Cybersecurity
598,Alzheon,United States,Framingham,9/30/2020,Health
599,HeartFlow,United States,Redwood City,12/4/2017,Health
600,Sonder,United States,San Francisco,7/11/2019,Travel
601,Trax,Singapore,,7/22/2019,Artificial intelligence
602,You & Mr Jones,United States,New York,11/19/2019,Other
603,InSightec,Israel,Tirat Carmel,3/6/2020,Health
604,Everly Health,United States,Austin,12/3/2020,E-commerce & direct-to-consumer
605,Manner,China,Shanghai,12/24/2020,Other
606,TalkingData,China,Beijing,1/6/2021,Mobile & telecommunications
607,Innovaccer,United States,San Francisco,2/19/2021,Health
608,DistroKid,United States,New York,8/16/2021,Internet software & services
609,Carsome,Malaysia,Selangor,7/12/2021,E-commerce & direct-to-consumer
610,Konfio,Mexico,Mexico City,9/29/2021,Fintech
611,Betterment,United States,New York,9/29/2021,Fintech
612,Flock Freight,United States,Encinitas,10/20/2021,"Supply chain, logistics, & delivery"
613,YugaByte,United States,Sunnyvale,10/28/2021,Data management & analytics
614,Starry,United States,Boston,7/3/2018,Mobile & telecommunications
615,Intercom,United States,San Francisco,3/27/2018,Internet software & services
616,OVO Energy,United Kingdom,Bristol,2/14/2019,Other
617,Huisuanzhang,China,Beijing,5/24/2021,Fintech
618,WTOIP,China,Guangzhou,4/8/2018,Internet software & services
619,ezCater,United States,Boston,4/2/2019,"Supply chain, logistics, & delivery"
620,BigID,United States,New York,12/16/2020,Cybersecurity
621,Rec Room,United States,Seattle,3/23/2021,Internet software & services
622,Kuaikan Manhua,China,Beijing,12/1/2017,Internet software & services
623,Marshmallow,United Kingdom,London,9/8/2021,Fintech
624,Honor Technology,United States,San Francisco,10/5/2021,Internet software & services
625,Mythical Games,United States,Sherman Oaks,11/4/2021,Internet software & services
626,Incode Technologies,United States,San Francisco,12/7/2021,Cybersecurity
627,BrewDog,United Kingdom,Aberdeen,4/10/2017,Consumer & retail
628,Enflame,China,Shanghai,1/5/2021,Hardware
629,EQRx,United States,Cambridge,1/11/2021,Health
630,Nexii,Canada,Vancouver,9/8/2021,Other
631,BlockDaemon,United States,Los Angeles,9/21/2021,Fintech
632,GalaxySpace,China,Beijing,11/17/2020,Mobile & telecommunications
633,Spiber,Japan,Tsuruoka,9/8/2021,Other
634,Yiguo,China,Shanghai,11/9/2016,"Supply chain, logistics, & delivery"
635,Fair,United States,Santa Monica,12/20/2018,Auto & transportation
636,Glossier,United States,New York,3/19/2019,Consumer & retail
637,Workhuman,Ireland,Dublin,6/23/2020,Internet software & services
638,Qumulo,United States,Seattle,7/16/2020,Data management & analytics
639,Dialpad,United States,San Francisco,10/6/2020,Internet software & services
640,Starburst,United States,Boston,1/6/2021,Data management & analytics
641,Tealium,United States,San Diego,2/3/2021,Internet software & services
642,Public,United States,New York,2/17/2021,Fintech
643,Axonius,United States,New York,3/1/2021,Cybersecurity
644,Savage X Fenty,United States,El Segundo,3/16/2021,E-commerce & direct-to-consumer
645,Pipa Coding,China,Beijing,3/25/2021,Edtech
646,Pilot.com,United States,San Francisco,3/26/2021,Fintech
647,Aibee,China,Beijing,4/13/2021,Artificial intelligence
648,Cava Group,United States,Washington,4/27/2021,Other
649,Vectra Networks,United States,San Jose,4/29/2021,Artificial intelligence
650,Ada Support,Canada,Toronto,5/7/2021,Artificial intelligence
651,Inari,United States,Cambridge,5/12/2021,Other
652,Project44,United States,Chicago,6/1/2021,"Supply chain, logistics, & delivery"
653,Alation,United States,Redwood City,6/3/2021,Internet software & services
654,Forto,Germany,Berlin,6/21/2021,"Supply chain, logistics, & delivery"
655,SmartMore,China,Shenzhen,6/24/2021,Artificial Intelligence
656,Rohlik,Czech Republic,Prague,7/1/2021,"Supply chain, logistics, & delivery"
657,Prime Medicine,United States,Cambridge,7/13/2021,Health
658,FloQast,United States,Los Angeles,7/21/2021,Fintech
659,MindTickle,United States,San Francisco,8/3/2021,Internet software & services
660,UpGrad,India,Mumbai,8/9/2021,Edtech
661,DailyPay,United States,New York,5/18/2021,Fintech
662,Oda,Norway,Oslo,6/2/2021,E-commerce & direct-to-consumer
663,Offchain Labs,United States,Princeton,8/31/2021,Internet software & services
664,Copado,Spain,Madrid,9/13/2021,Data management & analytics
665,Gem,United States,San Francisco,9/28/2021,Internet software & services
666,CarDekho,India,Jaipur,10/13/2021,E-commerce & direct-to-consumer
667,MyGlamm,India,Mumbai,11/10/2021,E-commerce & direct-to-consumer
668,AgentSync,United States,Denver,12/7/2021,Fintech
669,Pristyn Care,India,Gurugram,12/7/2021,Health
670,Jokr,United States,New York,12/2/2021,E-commerce & direct-to-consumer
671,L&P Cosmetic,South Korea,Seoul,1/1/2016,Consumer & retail
672,Unisound,China,Beijing,7/19/2018,Artificial intelligence
673,Mininglamp Technology,China,Beijing,3/27/2019,Artificial intelligence
674,Sysdig,United States,San Francisco,4/28/2021,Cybersecurity
675,Luoji Siwei,China,Beijing,7/20/2017,Edtech
676,Yimidida,China,Shanghai,1/14/2019,"Supply chain, logistics, & delivery"
677,Modern Health,United States,San Francisco,2/11/2021,Health
678,IRL,United States,San Francisco,6/15/2021,Internet software & services
679,Tuhu,China,Shanghai,9/15/2018,Auto & transportation
680,SVOLT Energy,China,Changzhou,6/8/2020,Auto & transportation
681,LifeMiles,Colombia,Bogota,7/13/2015,Other
682,Venafi,United States,Salt Lake City,12/10/2020,Cybersecurity
683,Guideline,United States,San Mateo,6/16/2021,Fintech
684,Rebellion Defense,United States,Washington DC,9/16/2021,Artificial intelligence
685,Elemy,United States,San Francisco,10/6/2021,Health
686,Doctolib,France,Paris,3/19/2019,Health
687,STORD,United States,Atlanta,9/13/2021,"Supply chain, logistics, & delivery"
688,TELD,China,Qingdao,12/16/2019,Fintech
689,TangoMe,United States,Mountain View,3/20/2014,Mobile & telecommunications
690,AppDirect,United States,San Francisco,10/7/2015,E-commerce & direct-to-consumer
691,Juanpi,China,Wuhan,4/14/2016,E-commerce & direct-to-consumer
692,OVH,France,Roubaix,8/15/2016,Other
693,Eat Just,United States,San Francisco,11/30/2017,Consumer & retail
694,GetYourGuide,Germany,Berlin,5/16/2019,Travel
695,Ivalua,United States,Redwood City,5/21/2019,Fintech
696,Sisense,United States,New York,1/9/2020,Data management & analytics
697,Course Hero,United States,Redwood City,2/12/2020,Edtech
698,Pharmapacks,United States,Islandia,11/12/2020,E-commerce & direct-to-consumer
699,SalesLoft,United States,Atlanta,1/6/2021,Internet software & services
700,Sennder,Germany,Berlin,1/14/2021,"Supply chain, logistics, & delivery"
701,Nexthink,Switzerland,Prilly,2/8/2021,Data management & analytics
702,Zego,United Kingdom,London,3/9/2021,Fintech
703,Rightway,United States,New York,3/30/2021,Health
704,Sunbit,United States,Los Angeles,5/20/2021,Fintech
705,Qingting FM,China,Shanghai,6/2/2021,Internet software & services
706,Amber Group,Hong Kong,,6/21/2021,Fintech
707,G2,United States,Chicago,6/22/2021,Internet software & services
708,Hailo,Israel,Tel Aviv,6/23/2021,Artificial intelligence
709,People.ai,United States,San Francisco,8/11/2021,Internet software & services
710,CoinDCX,India,Maharashtra,8/10/2021,Fintech
711,Carousell,Singapore,,9/15/2021,E-commerce & direct-to-consumer
712,apna,India,Bengaluru,9/15/2021,Internet software & services
713,Karat,United States,Seattle,10/13/2021,Internet software & services
714,Enpal,Germany,Berlin,10/18/2021,Internet software & services
715,Acko General Insurance,India,Bengaluru,10/18/2021,Fintech
716,Daily Harvest,United States,New York,11/16/2021,E-commerce & direct-to-consumer
717,The Bank of London,United Kingdom,London,11/30/2021,Fintech
718,Fundbox,United States,San Francisco,11/30/2021,Fintech
719,Nxin,China,Beijing,9/18/2018,Internet software & services
720,UISEE Technology,China,Beijing,1/25/2021,"Supply chain, logistics, & delivery"
721,56PINGTAI,China,Shanghai,1/25/2021,"Supply chain, logistics, & delivery"
722,Rubicon Global,United States,Atlanta,8/25/2017,Other
723,Radius Payment Solutions,United Kingdom,Crewe,11/27/2017,Fintech
724,Rivigo,India,Gurgaon,7/11/2019,"Supply chain, logistics, & delivery"
725,Jiuxian,China,Beijing,7/30/2015,E-commerce & direct-to-consumer
726,Instabase,United States,San Francisco,10/21/2019,Data management & analytics
727,Hesai Tech,China,Shanghai,8/1/2020,Artificial intelligence
728,Proterra,United States,Burlingame,10/15/2020,"Supply chain, logistics, & delivery"
729,Sendbird,United States,San Mateo,4/6/2021,Mobile & telecommunications
730,Density,United States,San Francisco,11/10/2021,Hardware
731,Mixpanel,United States,San Francisco,11/15/2021,Internet software & services
732,Aprogen,South Korea,Seongnam-Si,5/31/2019,Health
733,OrCam Technologies,Israel,Jerusalem,2/20/2018,Artificial intelligence
734,Leap Motor,China,Hangzhou,11/20/2018,Auto & transportation
735,Lookout,United States,San Francisco,10/10/2013,Cybersecurity
736,Snapdeal,India,New Delhi,5/21/2014,E-commerce & direct-to-consumer
737,TechStyle Fashion Group,United States,El Segundo,8/29/2014,E-commerce & direct-to-consumer
738,InMobi,India,Bengaluru,12/2/2014,Mobile & telecommunications
739,LinkSure Network,China,Shanghai,1/1/2015,Mobile & telecommunications
740,Red Ventures,United States,Fort Mill,1/7/2015,Other
741,BeiBei,China,Hangzhou,1/22/2015,E-commerce & direct-to-consumer
742,Lamabang,China,Shenzhen,3/6/2015,E-commerce & direct-to-consumer
743,JimuBox,China,Beijing,4/21/2015,Fintech
744,BenevolentAI,United Kingdom,London,6/2/2015,Artificial intelligence
745,FXiaoKe,China,Beijing,7/2/2015,Mobile & telecommunications
746,Vox Media,United States,Washington,8/12/2015,Internet software & services
747,Mia.com,China,Beijing,9/8/2015,E-commerce & direct-to-consumer
748,58 Daojia,China,Beijing,10/12/2015,Internet software & services
749,Womai,China,Beijing,10/12/2015,E-commerce & direct-to-consumer
750,HuJiang,China,Shanghai,10/29/2015,Edtech
751,iTutorGroup,China,Shanghai,11/18/2015,Edtech
752,MindMaze,Switzerland,Lausanne,1/28/2016,Health
753,iCarbonX,China,Shenzhen,4/12/2016,Artificial intelligence
754,SMS Assist,United States,Chicago,6/7/2016,Internet software & services
755,Kendra Scott,United States,Austin,12/21/2016,Consumer & retail
756,Mobvoi,China,Beijing,4/6/2017,Consumer & retail
757,Zhuan Zhuan,China,Beijing,4/18/2017,E-commerce & direct-to-consumer
758,Modernizing Medicine,United States,Boca Raton,5/10/2017,Health
759,Zhaogang,China,Shanghai,6/29/2017,E-commerce & direct-to-consumer
760,DianRong,China,Shanghai,8/2/2017,E-commerce & direct-to-consumer
761,Cell C,South Africa,Midrand,8/7/2017,Mobile & telecommunications
762,YH Global,China,Shenzhen,9/21/2017,"Supply chain, logistics, & delivery"
763,Revolution Precrafted,Philippines,Manila,10/23/2017,Other
764,WeLab,Hong Kong,,11/8/2017,Fintech
765,Maimai,China,Beijing,11/15/2017,Mobile & telecommunications
766,Dxy.cn,China,Hangzhou,4/10/2018,Health
767,Orbbec Technology,China,Shenzhen,5/21/2018,Hardware
768,HMD Global,Finland,Espoo,5/21/2018,Mobile & telecommunications
769,Huike Group,China,Beijing,5/24/2018,Edtech
770,China Cloud,China,Wuxi,6/11/2018,Hardware
771,LinkDoc Technology,China,Beijing,7/5/2018,Health
772,MediaMath,United States,New York,7/10/2018,Internet software & services
773,Movile,Brazil,Sao Paulo,7/12/2018,Mobile & telecommunications
774,Kuaigou Dache,China,Tianjin,7/13/2018,"Supply chain, logistics, & delivery"
775,Pat McGrath Labs,United States,New York,7/16/2018,Consumer & retail
776,Wacai,China,Hangzhou,7/18/2018,Mobile & telecommunications
777,Medlinker,China,Chengdu,7/31/2018,Health
778,FlashEx,China,Beijing,8/27/2018,"Supply chain, logistics, & delivery"
779,Branch,United States,Redwood City,9/10/2018,Mobile & telecommunications
780,Banma Network Technologies,China,Shanghai,9/13/2018,Auto & transportation
781,Tresata,United States,Charlotte,10/10/2018,Fintech
782,Momenta,China,Beijing,10/17/2018,Artificial intelligence
783,Hosjoy,China,Nanjing,10/18/2018,E-commerce & direct-to-consumer
784,Omio,Germany,Berlin,10/23/2018,Travel
785,TERMINUS Technology,China,Beijing,10/25/2018,Hardware
786,BitFury,Netherlands,Amsterdam,11/6/2018,Hardware
787,iFood,Brazil,Osasco,11/13/2018,"Supply chain, logistics, & delivery"
788,Geek+,China,Beijing,11/21/2018,Hardware
789,REEF Technology,United States,Miami,12/10/2018,"Supply chain, logistics, & delivery"
790,Globality,United States,Menlo Park,1/22/2019,Artificial intelligence
791,Ynsect,France,Evry,2/21/2019,Other
792,Intellifusion,China,Shenzhen,3/22/2019,Artificial intelligence
793,Liquid,Japan,Tokyo,4/3/2019,Fintech
794,Poizon,China,Shanghai,4/29/2019,Mobile & telecommunications
795,VTS,United States,New York,5/7/2019,Internet software & services
796,SITECH DEV,China,Guiyang,5/16/2019,Other
797,KnowBox,China,Beijing,5/30/2019,Edtech
798,Yanolja,South Korea,Seoul,6/10/2019,Travel
799,Meero,France,Paris,6/18/2019,Artificial intelligence
800,SumUp,United Kingdom,London,7/16/2019,Fintech
801,Ibotta,United States,Denver,8/6/2019,Fintech
802,C2FO,United States,Leawood,8/7/2019,Fintech
803,Numbrs,Switzerland,Zurich,8/22/2019,Fintech
804,Dave,United States,Los Angeles,9/30/2019,Fintech
805,EBANX,Brazil,Curitiba,10/16/2019,Fintech
806,KK Group,China,Dongguan,10/23/2019,E-commerce & direct-to-consumer
807,Glovo,Spain,Barcelona,12/19/2019,"Supply chain, logistics, & delivery"
808,Alto Pharmacy,United States,San Francisco,1/30/2020,Health
809,o9 Solutions,United States,Dallas,4/28/2020,Artificial intelligence
810,Hotmart,Netherlands,Amsterdam,3/17/2020,E-commerce & direct-to-consumer
811,Emerging Markets Property Group,United Arab Emirates,Dubai,4/28/2020,Other
812,Quizlet,United States,San Francisco,5/13/2020,Edtech
813,Orca Bio,United States,Menlo Park,6/17/2020,Health
814,Newlink Group,China,Beijing,7/10/2020,E-commerce & direct-to-consumer
815,Infobip,Croatia,Vodnjan,7/30/2020,Mobile & telecommunications
816,Zwift,United States,Long Beach,9/16/2020,E-commerce & direct-to-consumer
817,Playco,Japan,Tokyo,9/21/2020,Other
818,Socar,South Korea,Jeju-do,10/16/2020,Auto & transportation
819,Gousto,United Kingdom,London,11/3/2020,"Supply chain, logistics, & delivery"
820,AInnovation,China,Beijing,12/16/2020,Artificial intelligence
821,Boom Supersonic,United States,Englewood,12/16/2020,Other
822,Qualia,United States,San Francisco,12/21/2020,Fintech
823,DailyHunt,India,Bengaluru,12/22/2020,Internet software & services
824,Dremio,United States,Santa Clara,1/6/2021,Data management & analytics
825,Quantum Metric,United States,Colorado Springs,1/7/2021,Data management & analytics
826,News Break,United States,Mountain View,1/7/2021,Internet software & services
827,MadeiraMadeira,Brazil,Parana,1/7/2021,E-commerce & direct-to-consumer
828,PPRO,United Kingdom,London,1/19/2021,Fintech
829,Splashtop,United States,San Jose,1/27/2021,Internet software & services
830,DriveNets,Israel,Ra'anana,1/27/2021,Internet software & services
831,Flash Express,Thailand,Bangkok,2/1/2021,"Supply chain, logistics, & delivery"
832,Axiom Space,United States,Houston,2/16/2021,Other
833,Locus Robotics,United States,Wilmington,2/17/2021,Hardware
834,Standard Cognition,United States,San Francisco,2/17/2021,Artificial intelligence
835,Sentry,United States,San Francisco,2/18/2021,Other
836,WeBull,China,Changsha,2/18/2021,Fintech
837,Skydio,United States,Redwood City,2/25/2021,"Supply chain, logistics, & delivery"
838,Newsela,United States,New York,2/25/2021,Internet software & services
839,Flutterwave,United States,San Francisco,3/9/2021,Fintech
840,Aqua Security,Israel,Ramat Gan,3/10/2021,Cybersecurity
841,PatSnap,Singapore,,3/16/2021,Internet software & services
842,Evidation,United States,San Mateo,3/22/2021,Health
843,Sidecar Health,United States,El Segundo,1/26/2021,Fintech
844,Lattice,United States,San Francisco,3/23/2021,Internet software & services
845,Feedzai,United States,San Mateo,3/24/2021,Artificial intelligence
846,Yunxuetang,China,Suzhou,3/29/2021,Edtech
847,Cameo,United States,Chicago,3/30/2021,Internet software & services
848,Fetch Rewards,United States,Madison,3/31/2021,E-commerce & direct-to-consumer
849,Hyperchain,China,Hangzhou,4/11/2021,Fintech
850,The Zebra,United States,Austin,4/12/2021,E-commerce & direct-to-consumer
851,Clearcover,United States,Chicago,4/13/2021,Fintech
852,Groq,United States,Mountain View,4/14/2021,Artificial intelligence
853,Fiture,China,Chengdu,4/14/2021,Health
854,Injective Protocol,United States,New York,4/20/2021,Fintech
855,Sift,United States,San Francisco,4/22/2021,Artificial intelligence
856,SaltPay,United Kingdom,London,4/23/2021,Fintech
857,Capsule,United States,New York,4/28/2021,Health
858,MOLOCO,United States,Redwood City,4/29/2021,Artificial intelligence
859,Mux,United States,San Francisco,4/30/2021,Internet software & services
860,XForcePlus,China,Shanghai,6/1/2021,Internet software & services
861,Firefly Aerospace,United States,Cedar Park,5/4/2021,Other
862,HoneyBook,United States,San Francisco,5/4/2021,Internet software & services
863,Shift Technology,France,Paris,5/5/2021,Artificial intelligence
864,TensTorrent,Canada,Toronto,5/5/2021,Artificial intelligence
865,Zihaiguo,China,Chongqing,5/6/2021,Consumer & retail
866,Forte Labs,United States,San Francisco,5/12/2021,Fintech
867,Axtria,United States,Berkeley Heights,5/13/2021,Data management & analytics
868,Amount,United States,Chicago,5/17/2021,Fintech
869,Moglix,Singapore,,5/17/2021,E-commerce & direct-to-consumer
870,Vise,United States,New York,5/18/2021,Fintech
871,Printful,United States,Charlotte,5/24/2021,Other
872,Matrixport,Singapore,,6/1/2021,Fintech
873,Shippo,United States,San Francisco,6/2/2021,"Supply chain, logistics, & delivery"
874,Thirty Madison,United States,New York,6/2/2021,Health
875,LetsGetChecked,Ireland,Dublin,6/7/2021,Health
876,EcoFlow,China,Shenzhen,6/10/2021,Hardware
877,Carro,Singapore,,6/14/2021,E-commerce & direct-to-consumer
878,Tractable,United Kingdom,London,6/16/2021,Artificial intelligence
879,Bringg,Israel,Tel Aviv,6/16/2021,"Supply chain, logistics, & delivery"
880,Claroty,United States,New York,6/17/2021,Cybersecurity
881,JoyTunes,Israel,Tel Aviv,6/21/2021,Edtech
882,Aircall,United States,New York,6/23/2021,Internet software & services
883,SmartAsset,United States,New York,6/24/2021,Fintech
884,Morning Consult,United States,Washington DC,6/8/2021,Internet software & services
885,Visier,Canada,Vancouver,6/29/2021,Internet software & services
886,ShipBob,United States,Chicago,6/29/2021,"Supply chain, logistics, & delivery"
887,Dream Games,Turkey,Istanbul,6/30/2021,Mobile & telecommunications
888,Grofers,India,Gurgaon,6/30/2021,"Supply chain, logistics, & delivery"
889,Kitopi,United Arab Emirates,Dubai,7/1/2021,"Supply chain, logistics, & delivery"
890,bolttech,Singapore,,7/1/2021,Fintech
891,MobileCoin,United States,San Francisco,7/7/2021,Fintech
892,Lunar,Denmark,Aarhus,7/12/2021,Fintech
893,Amperity,United States,Seattle,7/13/2021,Artificial intelligence
894,Remote,United States,San Francisco,7/13/2021,Fintech
895,Pantheon Systems,United States,San Francisco,7/13/2021,Internet software & services
896,Xiaobing,China,Beijing,7/12/2021,Fintech
897,Carson Group,United States,Lincoln,7/14/2021,Fintech
898,GO1,Australia,Brisbane,7/19/2021,Internet software & services
899,Interos,United States,Arlington,7/22/2021,Fintech
900,BlackBuck,India,Bengaluru,7/22/2021,"Supply chain, logistics, & delivery"
901,NIUM,Singapore,,7/13/2021,Fintech
902,Unico,Brazil,Sao Paulo,8/3/2021,Artificial intelligence
903,Human Interest,United States,San Francisco,8/4/2021,Fintech
904,Bluecore,United States,New York,8/5/2021,Artificial intelligence
905,Freshbooks,Canada,Toronto,8/10/2021,Fintech
906,Snorkel AI,United States,Palo Alto,8/9/2021,Artificial intelligence
907,Gelato,Norway,Oslo,8/16/2021,E-commerce & direct-to-consumer
908,Maven Clinic,United States,New York,8/17/2021,Health
909,Zetwerk,India,Bengaluru,8/20/2021,Internet software & services
910,Dunamu,South Korea,Seoul,7/22/2021,Fintech
911,Shield AI,United States,San Diego,8/24/2021,Artificial intelligence
912,PicsArt,United States,San Francisco,8/26/2021,Mobile & telecommunications
913,1KMXC,China,Hangzhou,8/30/2021,Hardware
914,Cider,Hong Kong,,9/2/2021,E-commerce & direct-to-consumer
915,Berlin Brands Group,Germany,Berlin,9/1/2021,E-commerce & direct-to-consumer
916,Agile Robots,Germany,Munich,9/9/2021,Hardware
917,GrubMarket,United States,San Francisco,9/14/2021,E-commerce & direct-to-consumer
918,Mammoth Biosciences,United States,Brisbane,9/9/2021,Health
919,Orchard,United States,New York,9/9/2021,Fintech
920,Xendit,Indonesia,Jakarta,9/14/2021,Fintech
921,TrueLayer,United Kingdom,London,9/21/2021,Fintech
922,Assembly,United States,Culver City,9/21/2021,Internet software & services
923,PandaDoc,United States,San Francisco,9/22/2021,Internet software & services
924,Keenon Robotics,China,Shanghai,9/15/2021,"Supply chain, logistics, & delivery"
925,HAYDON,China,Shanghai,9/24/2021,Consumer & retail
926,Ninja Van,Singapore,,9/27/2021,"Supply chain, logistics, & delivery"
927,Vedantu,India,Bengaluru,9/29/2021,Edtech
928,TrialSpark,"United States,",New York,9/30/2021,Health
929,Ajaib,"Indonesia,",Jakarta,10/4/2021,Fintech
930,Licious,India,Bengaluru,10/5/2021,E-commerce & direct-to-consumer
931,Masterworks,United States,New York,10/5/2021,Fintech
932,Chronosphere,United States,New York,10/7/2021,Data management & analytics
933,Solo.io,United States,Cambridge,10/7/2021,Internet software & services
934,Swile,France,Montpellier,10/11/2021,Fintech
935,Zopa,United Kingdom,London,10/19/2021,Fintech
936,Dental Monitoring,France,Paris,10/21/2021,Health
937,CargoX,Brazil,Sao Paulo,10/21/2021,"Supply chain, logistics, & delivery"
938,Fabric,United States,New York,10/26/2021,"Supply chain, logistics, & delivery"
939,Augury,United States,New York,10/26/2021,Artificial intelligence
940,Moka,China,Beijing,11/2/2021,Internet software & services
941,Tezign,China,Shanghai,11/2/2021,Internet software & services
942,Vagaro,United States,Dublin,11/3/2021,Internet software & services
943,Drata,United States,San Diego,11/8/2021,Cybersecurity
944,Razor,Germany,Berlin,11/8/2021,Consumer & retail
945,OpenWeb,United States,New York,11/9/2021,Internet software & services
946,Contrast Security,United States,Los Altos,11/9/2021,Cybersecurity
947,Wrapbook,United States,New York,11/10/2021,Fintech
948,Gaussian Robotics,China,Shanghai,11/10/2021,Hardware
949,Mensa Brands,India,Bengaluru,11/16/2021,Other
950,Heyday,United States,Chicago,11/16/2021,E-commerce & direct-to-consumer
951,PLACE,United States,Bellingham,11/17/2021,Internet software & services
952,Stytch,United States,San Francisco,11/18/2021,Cybersecurity
953,Owkin,United States,New York,11/18/2021,Artificial Intelligence
954,Expel,United States,Herndon,11/18/2021,Cybersecurity
955,NoBroker,India,Bengaluru,11/23/2021,Internet software & services
956,Slice,India,Bengaluru,11/28/2021,Fintech
957,Thought Machine,United Kingdom,London,11/29/2021,Fintech
958,Lessen,United States,Scottsdale,11/30/2021,Internet software & services
959,Clara,Mexico,Mexico City,12/6/2021,Fintech
960,YipitData,United States,New York,12/6/2021,Internet software & services
961,Anyscale,United States,Berkeley,12/7/2021,Artificial Intelligence
962,Iodine Software,United States,Austin,12/1/2021,Data management & analytics
963,ReliaQuest,United States,Tampa,12/1/2021,Cybersecurity
964,Pet Circle,Australia,Alexandria,12/7/2021,E-commerce & direct-to-consumer
965,Manaliagri,Morocco, Agadir,,Food and Agriculture
966,Mobile Content.Com Ltd.,Ghana,Accra,,Information and communication technologies
967,Etranzact Ghana LTD,Ghana,Accra,,Mobile Banking 
968,Universal Hospitals Group Ltd,Ghana,Accra,,Healthcare 
969,E-Transactions GhanaÂ Ltd,Ghana,Accra,,Electronic Payment Services
970,Aspect Foundry,Ghana,Accra,,Information service activities
971,Syecomp Business Services Ltd,Ghana,Accra,,Agriculture
972,RLG GHANA,Ghana,Accra,,Information and communication technologies
973,Oxford Research Academy,Ghana,Accra,,Research and Consulting 
974,JCS Investments,Ghana,Accra,,Social Investment
975,AfroChic Limited ,Ghana,Accra,,Online retail 
976,Egora,Morocco,Agadir,,Pest control services
977,Extraflore,Morocco,Agadir,,Agriculture
978,Awaaz De Infosystems Pvt. ltd,India,Ahmedabad,,Food and Agriculture
979,CompuSense automation,India,Ahmedabad,,Location Intelligence
980,Genuine Enterprise,India,Ahmedabad,,Location Intelligence
981,Naksha Solutions,India,Ahmedabad,,Location Intelligence
982,Pam Technologies Pvt. Ltd.,India,Ahmedabad,,Location Intelligence
983,Piramal Waters now called Sarvajal,India,Ahmedabad,,Public utilities
984,Scanpoint Geomatics Ltd.,India,Ahmedabad,,Location Intelligence
985,Transpose India,India,Ahmedabad,,Public utilities
986,Xcelris Labs Ltd.,India,Ahmedabad,,Healthcare
987,Mixmarket,India,Asia office is in Hyderabad,,Financial Inclusion
988,Girolabs,Paraguay,AsunciÃ³n,,Consumer Services
989,Source For Change,India,"Bagar, Delhi",,Outsourcing
990,Teknologi Kreasi Anak Bangsa (UrbanIndo),Indonesia,Bandung,,Real Estate
991,MediaWave,Indonesia,Bandung,,Business Services
992,Metaome,India,Bangalore,,Healthcare
993,Mitra Biotech Pvt. Ltd,India,Bangalore,,Healthcare
994,Blueship,Thailand,Bangkok,,Consumer Services
995,Mobilizing Health,India,"Based in USA, works in India",,Healthcare
996,Rock Content,Brazil,Belo Horizonte,,Business Services
997,Appface Technologies - Mandi trades application,India,Bengaluru,,Food and Agriculture
998,Arogya World India Trust,India,Bengaluru,,Healthcare
999,ArrowN Geospatial,India,Bengaluru,,Location Intelligence
1000,Artoo IT Solutions Private Limited,India,Bengaluru,,Financial inclusion
1001,CarveNiche Technologies Private Limited,India,Bengaluru,,Education
1002,Cropln Technology,India,Bengaluru,,Food and Agriculture
1003,Digi Collect-GIS,India,Bengaluru,,Location Intelligence
1004,Docengage,India,Bengaluru,,Healthcare
1005,eDreams Edusoft,India,Bengaluru,,Education
1006,Exotel,India,Bengaluru,,Healthcare
1007,Forus Health,India,Bengaluru,,Healthcare
1008,FrontalRain Technologies Pvt Ltd,India,Bengaluru,,Food and Agriculture
1009,Genotypic Technology,India,Bengaluru,,Healthcare
1010,Geokno,India,Bengaluru,,Location Intelligence
1011,GeoVista,India,Bengaluru,,Location Intelligence
1012,Healthalyze,India,Bengaluru,,Healthcare
1013,Healthifyme,India,Bengaluru,,Healthcare
1014,IBM India GPS Analytics- Populace Analysis & Prediction Tool (PAT) application,India,Bengaluru,,Demographic analysis
1015,iGroove Technologies,India,Bengaluru,,Location Intelligence
1016,India Water Portal,India,Bengaluru,,Awareness
1017,InterpretOmics India,India,Bengaluru,,Healthcare
1018,IntraSpatial Softech Pvt Ltd,India,Bengaluru,,Location Intelligence
1019,Ixora Biosciences,India,Bengaluru,,Healthcare
1020,Jana Care,India,Bengaluru,,Healthcare
1021,Janaagraha,India,Bengaluru,,Information linkages
1022,Layers Informatics,India,Bengaluru,,Location Intelligence
1023,Learning Outcomes Solutions Private Limited,India,Bengaluru,,Education
1024,Magnasoft Northstar,India,Bengaluru,,Personal Security
1025,Mapunity,India,Bengaluru,,Food and Agriculture
1026,Minglebox,India,Bengaluru,,Education
1027,Nestingbits,India,Bengaluru,,Healthcare
1028,Oliveboard,India,Bengaluru,,Education
1029,Praja.in,India,Bengaluru,,
1030,Pramuka Tecs,India,Bengaluru,,Location Intelligence
1031,Qtlomics,India,Bengaluru,,Food and Agriculture
1032,Remidio Innovative Solutions Pvt. Ltd.,India,Bengaluru,,Healthcare
1033,RuralShores Business Services Pvt Ltd,India,Bengaluru,,Outsourcing
1034,Secon,India,Bengaluru,,Location Intelligence
1035,Social Blood,India,Bengaluru,,Healthcare
1036,Stellapps,India,Bengaluru,,Food and Agriculture
1037,Strand Life Sciences.,India,Bengaluru,,Healthcare
1038,Territorial Prescience,India,Bengaluru,,Location Intelligence
1039,Theovel Surveys,India,Bengaluru,,Location Intelligence
1040,Uber Diagnostics,India,Bengaluru,,Healthcare
1041,Wifinity Technology,India,Bengaluru,,Healthcare
1042,YourBus-Recently acquired by Ibibo,India,Bengaluru,,Logistics
1043,Zoomin Softech Pvt. Ltd.,India,Bengaluru,,Location Intelligence
1044,Instahealth,India,Bengaluru and Hyderabad,,Healthcare
1045,Meddiff Technologies (formerly known as MedSphere Technologies),India,Bengaluru and Mumbai,,Healthcare
1046,TaxiforSure.com,India,"Bengaluru, Chennai, Delhi",,Logistics
1047,Akshara Foundation's Karnataka Learning Partnership,India,"Bengaluru, Dharwad",,Education
1048,EcoCapita,India,Bhopal,,Environment
1049,ekutir,India,Bhubaneswar,,Food and Agriculture
1050,Cultivando Futuro,Colombia,Bogota,,Agriculture
1051,Nethub,Colombia,Bogota,,Business Services
1052,Lenddo,Colombia ,Bogota,,Finance
1053,Mi Transmi,Colombia,Bogota,,Consumer Services
1054,Conciliador Virtual ,Brazil,BrasÃ­lia,,Consumer Services
1055,Solapa,Argentina,Buenos Aires,,Agriculture
1056,Coperable,Argentina,Buenos Aires,,Environment
1057,Korbitec,South Africa,Cape Town,,Real Estate
1058,Korwe Software,South Africa,Cape Town,,IT Services 
1059,Last Mile for BoP,South Africa,Cape Town,,Social
1060,Pricecheck,South Africa,Cape Town,,Price comparison website
1061,Twenty Fingers,South Africa,Cape Town,,Video Production
1062,B&Tech intelligence,Morocco,Casablanca,,IT services
1063,ABC Technolabs India Pvt. Ltd.,India,Chennai,,Environment Consulting
1064,Busroutes.in,India,Chennai,,Logistics
1065,Centre for Development Finance-India Pollution Map,India,Chennai,,Awareness
1066,DhilCare,India,Chennai,,Healthcare
1067,DSM Soft,India,Chennai,,Location Intelligence
1068,Empower Consultancy,India,Chennai,,Location Intelligence
1069,Ennovasys,India,Chennai,,Personal Security
1070,Environmental and Geospatial Solutions,India,Chennai,,Location Intelligence
1071,Expert Technologies,India,Chennai,,Location Intelligence
1072,Geo Adithya,India,Chennai,,Location Intelligence
1073,"Geoconcept (Subsidiaryof Geoconcept Group, France)",India,Chennai,,Location Intelligence
1074,GeoICON,India,Chennai,,Location Intelligence
1075,Harness Handitouch Pvt. Ltd.,India,Chennai,,Education
1076,KCube Consultancy,India,Chennai,,Location Intelligence
1077,LaxmiMayee technologies,India,Chennai,,Location Intelligence
1078,MVS eFarm Private Limited,India,Chennai,,Agriculture
1079,NewDigm,India,Chennai,,Healthcare
1080,Perfint Healthcare,India,Chennai,,Healthcare
1081,Rainbow - Greeno Tech Solutions,India,Chennai,,Food and Agriculture
1082,Red Networks,India,Chennai,,Location Intelligence
1083,Technosoft corporation's rainfall forecasting webapp,India,Chennai,,Food and Agriculture
1084,Transparent Chennai (Initiative by Institute of Financial Management and Research),India,Chennai,,Awareness
1085,Upbeat Technologies,India,Chennai,,Location Intelligence
1086,Variac Systems,India,Chennai,,Location Intelligence
1087,WTI Advanced Technologies Ltd. (Wholly owned subsidiary of Tata Consultancy Services),India,Chennai,,Urban Planning
1088,Habidatum,Russia,"Cheyenne, Wyoming, USA",,Data and Information
1089,Problem Solved Ltd,Tanzania,Dar Es Salaam,,Finance Software
1090,Abledit,India,Delhi,,Education
1091,Accountability Initiative,India,Delhi,,Information linkages
1092,Airwoot,India,Delhi,,Customer Support
1093,Akosha,India,Delhi,,Customer Support
1094,Arogya Mobile Health Pvt. Ltd,India,Delhi,,Healthcare
1095,Astra Info Systems,India,Delhi,,Location Intelligence
1096,CloudChowk,India,Delhi,,Healthcare
1097,Council of Scientific and Industrial Research's initiative: Open Source Drug Discovery (OSDD),India,Delhi,,Healthcare
1098,Dimagi,India,Delhi,,Healthcare
1099,Ekgaon Technologies Pvt. Ltd.,India,Delhi,,Food and Agriculture
1100,eKutir's BoP Connect Social Venture,India,Delhi,,Food and Agriculture
1101,Excel Geomatics pvt. ltd,India,Delhi,,Location Intelligence
1102,GeoShot Technologies,India,Delhi,,Location Intelligence
1103,GIS Consortium (India) Pvt. Ltd.,India,Delhi,,Location Intelligence
1104,Hazel media,India,Delhi,,Education
1105,Jetex Infotech,India,Delhi,,Location Intelligence
1106,LETS India,India,Delhi,,Public Utilities
1107,Lifecode Technologies,India,Delhi,,Healthcare
1108,Matrixgeo,India,Delhi,,Location Intelligence
1109,MediaNama,India,Delhi,,
1110,Multimind creations,India,Delhi,,Location Intelligence
1111,Neosphere Ambiance,India,Delhi,,Location Intelligence
1112,Open Personal Genomics Consortium,India,Delhi,,Healthcare
1113,Podium Infotech,India,Delhi,,Urban planning
1114,Redan Geomatics Pvt. Ltd.,India,Delhi,,Location Intelligence
1115,Remote Sensing and GIS Research Services,India,Delhi,,Location Intelligence
1116,Satpalda Geospatial services,India,Delhi,,Location Intelligence
1117,Spageo,India,Delhi,,Urban planning
1118,Spatial decisions,India,Delhi,,Urban planning
1119,Swasthya Slate - Public Health Foundation,India,Delhi,,Healthcare
1120,TST Technologies India Pvt. Ltd.,India,Delhi,,Location Intelligence
1121,Uneecops,India,Delhi,,Location Intelligence
1122,Universal Geoinformatics,India,Delhi,,Location Intelligence
1123,Vector Head Info Solutions,India,Delhi,,Location Intelligence
1124,Wapmerr Consultancy and Services Pvt. Ltd.,India,Delhi,,Urban planning
1125,Weaverbird Engineering and Technology,India,Delhi,,Location Intelligence
1126,World Health Partners,India,Delhi,,Healthcare
1127,24/7 well Log digitizing services company,India,Delhi,,Location Intelligence
1128,Gram Vaani,India,Delhi and Ranchi,,Social Media
1129,Farming instructor,Tanzania,Dodoma,,Agriculture
1130,Greenish Bright Farms Ltd,Ghana,Dormaa,,"Agriculture, Animal Husbandry"
1131,Etransport,Russia,Ekaterinburg,,"IT, transport"
1132,MidwaycoSolar,Morocco,Fes,,Solar Energy Consultants
1133,Bien.io,Mexico,Guadalajara,,Health & Wellness
1134,Teer Design,India,Gurgaon,,Education
1135,Foody Corporation,Vietnam,Ho Chi Minh City,,Consumer Services
1136,NextDrop,India,"Hubli-Dharwad, Bengaluru",,Public utilities
1137,Abet Soft Technologies,India,Hyderabad,,Urban Planning
1138,Amigo Optima,India,Hyderabad,,Location Intelligence
1139,Art Infosystems,India,Hyderabad,,Location Intelligence
1140,ATG Informatics India Pvt. Ltd.,India,Hyderabad,,Location Intelligence
1141,Avantari Medical Technologies Pvt Ltd,India,Hyderabad,,Healthcare
1142,"Avineon India (Subsidiary of Avineon Inc, USA)",India,Hyderabad,,Location Intelligence
1143,eHealth Access,India,Hyderabad,,Healthcare
1144,Janani Agriserve,India,Hyderabad,,Food and Agriculture
1145,MapMyGenome,India,Hyderabad,,Healthcare
1146,Ocimum Biosolutions,India,Hyderabad,,Healthcare
1147,Open Source Geospatial India,India,Hyderabad,,Location Intelligence
1148,Voice of Bigdata,India,Hyderabad,,Personal Security
1149,Vyzin now VESAG Health,India,Hyderabad,,Healthcare
1150,Gramener,India,"Hyderabad, Bengaluru, Coimbatore",,Technology
1151,Adepto,India,Hyderbad,,Location Intelligence
1152,Rajeev George,India,Indore,,Real Estate
1153,Valadoo Indonesia,Indonesia,Jakarta,,Travel & Hospitality 
1154,LewatMana,Indonesia,Jakarta,,Transport
1155,TipsDokter,Indonesia,Jakarta,,Health & Wellbeing
1156,Burufly,Indonesia,Jakarta,,Travel & Hospitality 
1157,KataData,Indonesia,Jakarta,,Media
1158,Naija Connect Store,Nigeria,Kaduna,,Online wholesale and retail 
1159,GNO ,India,Kanpur,,Location Intelligence
1160,Kissan Kerala Mobile Based Agriculture Information Services,India,Kerala,,Food and Agriculture
1161,MindHelix,India,Kochi,,Personal Security
1162,Mocioun Techlabs Private Ltd.-Market Watch Application,India,Kochi,,Food and Agriculture
1163,imerit global smartsourcing,India,Kolkata,,Outsourcing
1164,Surgerica,India,Kolkata,,Healthcare
1165,GeoMash,Malaysia,Kuala Lumpur,,Business Services
1166,Taxi Monger,Malaysia,Kuala Lumpur,,Transport
1167,TrustedCompany.com,Malaysia,Kuala Lumpur,,Business Services
1168,Agro Cocoa Investment Limited,Ghana,Kumasi,,"Agriculture, Education"
1169,CGNet Swara,India,Madhya Pradesh,,Awareness
1170,Lend-A-Hand India,India,"Maharashtra, Karnataka, Goa, Gujarat, NCR",,Career counselling
1171,InternMe,Philippines,Makati City,,Education
1172,Jagad Indonesia,Indonesia,Malang,,Transport
1173,True Property PH,Philippines,Manila,,Real Estate
1174,ZAP,Philippines,Manila,,Consumer Services
1175,Kalibrr,Philippines,Manila,,Business Services
1176,Softinn Solutions,Malaysia,Melaka,,Travel & Hospitality 
1177,OPI,Mexico,MÃ©xico City,,Government Services
1178,Auto Chilango Inc.,Mexico,MÃ©xico City,,Transport
1179,Telus. Inteligencia Geopolitica,Mexico,MÃ©xico City,,Research & Analytics
1180,Medii,Mexico,MÃ©xico City,,Health & Wellness
1181,KonfÃ­o,Mexico,MÃ©xico City,,Finance
1182,MapmyIndia.com-Mappls SafeWorld Application,India,"Mobile app, Delhi",,Personal Security
1183,"Bharat Sanchar Nigam Ltd. (with Indian Institute of Technology, Kanpur)-Digital Mandi India Application",India,"Mobile app, Pan India",,Food and Agriculture
1184,Health indicators by Centre for Development of Advanced Computing,India,"Mobile app, Pan India",,Healthcare
1185,C-DAC,India,Mohali,,Technology
1186,DATA. ,Uruguay,Montevideo,,Research & Analytics
1187,Information Culture,Russia,Moscow,,"Open data, Procurement"
1188,Strateg,Russia,Moscow,,Web development
1189,Transparent World,Russia,Moscow,,"Environmental issues, information technologies, geospatial data"
1190,NextGIS,Russia,Moscow,,Geospatial data
1191,Digital Society Laboratory,Russia,Moscow,,IT
1192,XLData,Russia,Moscow,,Data services
1193,Human Factor Labs/DaData,Russia,Moscow,,Customer data
1194,Rostnadzor,Russia,Moscow,,Legal data
1195,AlgoMost,Russia,Moscow,,IT outsource 
1196,Eventos,Russia,Moscow,,"Information Technologies, RDF Databases, Open Data, Big Data"
1197,Carbon Valley,Russia,Moscow,,Bio-IT
1198,HintSolutions,Russia,Moscow,,App development
1199,Data Laboratory,Russia,Moscow,,Data analysis and visualization
1200,MamaInspector (Mamnadzor),Russia,Moscow,,Open data/crowdsourcing/app
1201,Data Science Network,Russia,Moscow,,"Research, Consulting"
1202,Yasol LLC,Russia,Moscow,,"Advertising, real estate, IT"
1203,JSC Gosbook,Russia,Moscow,,IT
1204,Hyperboloid,Russia,Moscow,,Mobile apps
1205,StickerRide ,Russia,Moscow,,Advertising
1206,BIZNEX,Russia,"Moscow - then to expand globally via SV, US",,Information services
1207,A3 Remote Monitoring Technologies Pvt. Ltd,India,Mumbai,,Healthcare
1208,Attano,India,Mumbai,,Education
1209,Biosense,India,Mumbai,,Healthcare
1210,Birds Eye,India,Mumbai,,Logistics
1211,Housing.com,India,Mumbai,,Real Estate
1212,IndiaSpend,India,Mumbai,,
1213,Karmic Labs,India,Mumbai,,Healthcare
1214,m.paani,India,Mumbai,,
1215,Spatial Ideas,India,Mumbai,,Social Media
1216,Technium Labs,India,Mumbai,,Education
1217,Web note technologies-Open Data Project Application,India,Mumbai,,Technology
1218,Edu Live,Kenya,Nairobi,,IT services and education
1219,Mkulima Young,Kenya ,Nairobi,,Agriculture
1220,Ufahamu Kenya,Kenya,Nairobi,,Data 
1221,Zege Technologies Ltd.,Kenya ,Nairobi,,Finance Software
1222,African Laughter,Kenya ,"Nairobi
",,Research 
1223,MA3Route,Kenya,"Nairobi
",,Transportation
1224,Majisoft,Kenya,"Nairobi
",,Water and Sewage 
1225,Agatsa,India,Noida,,Healthcare
1226,BioExplore,India,Noida,,Healthcare
1227,Innovacer,India,Noida,,Outsourcing
1228,Magic Software Pvt Ltd,India,Noida,,Education
1229,Samin TekMindz India Pvt Limited-Go Tourist Application,India,Noida,,Tourism
1230,Vidyuth,India,Online,,Social Media
1231,Railyatri.in,India,Online portal,,Travel and Transportation
1232,The Freedom of Expression Movement,India,"Online, Mumbai",,Social media
1233,Nature Conservation Foundation,India,Pan India,,Awareness
1234,QMed Knowledge Foundation,India,Pan India,,Healthcare
1235,Wildlife Protection Society of India,India,Pan India,,Animal Protection
1236,Digital GREEN,India,Pan India through partnerships,,Food and Agriculture
1237,Localroam,Philippines,Pasig City,,Travel & Hospitality 
1238,Splore,Malaysia,Penang,,Consumer Services
1239,PinoyTravel,,Philippines,,Travel & Hospitality 
1240,Accura Analytics Systems ,South Africa,Pretoria,,Research
1241,Africa Research,South Africa,Pretoria,,Research
1242,BioAnalytical Technologies,India,Pune,,Healthcare
1243,Catamnesis,India,Pune,,Healthcare
1244,Geospoc,India,Pune,,Location Intelligence
1245,Praxify,India,Pune,,Healthcare
1246,Codeeze,Costa Rica ,Quesada,,Business Services
1247,By Implication,Philippines,Quezon City,,Business Services
1248,Skyeye,Philippines,Quezon City,,Business Services
1249,Africmaroc,Morocco,Rabat,,Construction
1250,B3G Technologies,Morocco,Rabat,,IT services
1251,Caciopee,Morocco,Rabat,,IT services
1252,CST,Morocco,Rabat,,IT services
1253,Geospheres,Morocco,Rabat,,Geospacial/Mapping
1254,Matekap,Morocco,Rabat,,IT services
1255,NavCities,Morocco,Rabat,,Geospacial/Mapping
1256,inteliAgro Argentina S.A.,Argentina,Rosario,,Agriculture
1257,WikiRoutes,Russia,Saint-Petersburg,,Transport
1258,Convextra,Russia,Saint-Petersburg,,"Data Extraction, Big Data"
1259,"PeacockTeam, LLC",Russia,Saint-Petersburg,,Transport
1260,Russian Justice,Russia,"Saint-Petersburg, Russia",,Legal data
1261,Datalabs,Russia,"Saint-Petersburg, Russia",,Big Data analytics
1262,Redstone Applications,Costa Rica,San JosÃ©,,Consumer Services
1263,TMS Research,South Africa,Sandton,,Research
1264,Junar Inc,Chile,Santiago,,Government Services
1265,Poderopedia,Chile,Santiago,,Research & Analytics
1266,Giveo2,Chile,Santiago,,Environment
1267,Cycle Money (Ayni),Chile,Santiago,,Environment
1268,Medicinia,Brazil,Sao Paulo,,Health & Wellness
1269,Scanntech,Brazil,Sao Paulo,,Business Services
1270,Politweet Enterprise,Malaysia,Selangor,,Research and Analytics
1271,eMoksha,India,Sets up projects across the world,,Awareness
1272,Journey Mobile Pty Ltd,South Africa,Stellenbosch,,IT Services 
1273,Lekkoo,Indonesia,Tangerang,,Consumer Services
1274,EdWell Solutions,India,Tehri Garhwal,,Education
1275,Corporate Sustainability and Reputation Consulting Pvt. Ltd.,India,Thane,,Corporate Social Responsibility
1276,B2R Technologies,India,Uttarakhand,,Outsourcing
1277,Eruvaka,India,Vijaywada,,Food and Agriculture
1278,Sociohub,Russia,"Voronezh, Russia",,"Finance, HR"
1279,Out of office,Russia,,,Entertainment
